"category","cp_origin","exp_in","exp_out","exp_total","exp_in_per","exp_out_per"
"all",28001,1747120.39,3480949.26,5228069.65,33,67
"all",28002,2963372.53,7885021.91,10848394.44,27,73
"all",28003,2148267.18,6173234.42,8321501.6,26,74
"all",28004,1182956.96,3639055.27,4822012.23,25,75
"all",28005,2736809.6,5881246.83,8618056.43,32,68
"all",28006,2230207.43,4934623.28,7164830.71,31,69
"all",28007,3503121.53,6874718.36,10377839.89,34,66
"all",28008,1581743.25,4069463.93,5651207.18,28,72
"all",28009,2128976.46,4201078.55,6330055.01,34,66
"all",28010,1471304.86,4531649.57,6002954.43,25,75
"all",28011,1186770.53,3677546.67,4864317.2,24,76
"all",28012,750462.66,2857983.82,3608446.48,21,79
"all",28013,512601.74,1004290.84,1516892.58,34,66
"all",28014,264928,2418224.65,2683152.65,10,90
"all",28015,2157022.39,4621553.38,6778575.77,32,68
"all",28016,2256395.08,3996948.43,6253343.51,36,64
"all",28017,1652751.5,6258580.04,7911331.54,21,79
"all",28018,1142148.35,4038845.54,5180993.89,22,78
"all",28019,1307047.12,4548527.41,5855574.53,22,78
"all",28020,2468114.38,5023014.07,7491128.45,33,67
"all",28021,1834819.75,2951114.75,4785934.5,38,62
"all",28022,3069484.25,3806285,6875769.25,45,55
"all",28023,1837188.94,3265011.12,5102200.06,36,64
"all",28024,985053.15,2949632.63,3934685.78,25,75
"all",28025,1644018.72,3308915.6,4952934.32,33,67
"all",28026,1549316.89,2935236.71,4484553.6,35,65
"all",28027,2671701.61,6008435.66,8680137.27,31,69
"all",28028,1831233.87,5926276.64,7757510.51,24,76
"all",28029,3879547.82,4618390.93,8497938.75,46,54
"all",28030,3692002.33,5889315.63,9581317.96,39,61
"all",28031,1376576.36,3736705.64,5113282,27,73
"all",28032,2463757.47,5095835.98,7559593.45,33,67
"all",28033,2229324.35,8382785.35,10612109.7,21,79
"all",28034,2396339.65,7012895.84,9409235.49,25,75
"all",28035,2085219.55,8845109.34,10930328.89,19,81
"all",28036,1305689.75,5064531.49,6370221.24,20,80
"all",28037,620192.07,3070986.85,3691178.92,17,83
"all",28038,1505937.49,2989587.91,4495525.4,33,67
"all",28039,977463.44,5931204.17,6908667.61,14,86
"all",28040,87710.02,961572.87,1049282.89,8,92
"all",28041,2263737.15,3680454.7,5944191.85,38,62
"all",28042,2184573.84,3512696.87,5697270.71,38,62
"all",28043,3956809.6,7352634.06,11309443.66,35,65
"all",28044,1274506.64,3143744.55,4418251.19,29,71
"all",28045,3250498.69,5846659.14,9097157.83,36,64
"all",28046,248129.25,2110500.26,2358629.51,11,89
"all",28047,1122992.86,4081241.48,5204234.34,22,78
"all",28048,44312.12,180241.25,224553.37,20,80
"all",28049,197718.21,1475750.05,1673468.26,12,88
"all",28050,3010876.24,4808771.94,7819648.18,39,61
"all",28051,979153.08,1135786.63,2114939.71,46,54
"all",28052,2132.52,8835.45,10967.97,19,81
"all",28053,490292.59,2504448.04,2994740.63,16,84
"all",28054,1051464.93,1033167.11,2084632.04,50,50
"all",28055,0,97589.08,97589.08,0,100
"es_auto",28001,12252.83,74694.14,86946.97,14,86
"es_auto",28002,87374.71,186090.18,273464.89,32,68
"es_auto",28003,56330.49,163192.46,219522.95,26,74
"es_auto",28004,1880.24,50322.32,52202.56,4,96
"es_auto",28005,54978.48,186822.2,241800.68,23,77
"es_auto",28006,31463.85,126844.86,158308.71,20,80
"es_auto",28007,154345.96,198496.38,352842.34,44,56
"es_auto",28008,26058.07,78880.85,104938.92,25,75
"es_auto",28009,34286.28,134517.39,168803.67,20,80
"es_auto",28010,18577.41,108098.48,126675.89,15,85
"es_auto",28011,56036.81,83998.86,140035.67,40,60
"es_auto",28012,6016.44,40953.65,46970.09,13,87
"es_auto",28013,0,3959.11,3959.11,0,100
"es_auto",28014,2138.9,35388.02,37526.92,6,94
"es_auto",28015,70460.4,67298.83,137759.23,51,49
"es_auto",28016,58318.59,118005.84,176324.43,33,67
"es_auto",28017,70122.33,156896.69,227019.02,31,69
"es_auto",28018,11284.93,95366.76,106651.69,11,89
"es_auto",28019,61625.65,94329.9,155955.55,40,60
"es_auto",28020,61491.97,155105.18,216597.15,28,72
"es_auto",28021,52631.58,67495.4,120126.98,44,56
"es_auto",28022,84157.06,117094.39,201251.45,42,58
"es_auto",28023,30155.54,83706.26,113861.8,26,74
"es_auto",28024,50098.19,80969.33,131067.52,38,62
"es_auto",28025,36156.6,86492.72,122649.32,29,71
"es_auto",28026,45936.15,72536.67,118472.82,39,61
"es_auto",28027,82594.85,218037.34,300632.19,27,73
"es_auto",28028,85051.49,165286.34,250337.83,34,66
"es_auto",28029,100046.68,191373.36,291420.04,34,66
"es_auto",28030,85819.28,225689.55,311508.83,28,72
"es_auto",28031,75297.63,74072.13,149369.76,50,50
"es_auto",28032,29313.79,168284.29,197598.08,15,85
"es_auto",28033,60409.93,291049.46,351459.39,17,83
"es_auto",28034,139026.1,216195.96,355222.06,39,61
"es_auto",28035,60785.43,343744.79,404530.22,15,85
"es_auto",28036,27283.8,161180.77,188464.57,14,86
"es_auto",28037,21383.87,60509.34,81893.21,26,74
"es_auto",28038,16498.01,78013.49,94511.5,17,83
"es_auto",28039,71435.03,138389.54,209824.57,34,66
"es_auto",28040,9563.49,25490.34,35053.83,27,73
"es_auto",28041,50432.85,124840.06,175272.91,29,71
"es_auto",28042,48768.66,136344.66,185113.32,26,74
"es_auto",28043,75022.31,325837.48,400859.79,19,81
"es_auto",28044,64841.46,63241.85,128083.31,51,49
"es_auto",28045,67435.41,198535.09,265970.5,25,75
"es_auto",28046,6652.67,38059.17,44711.84,15,85
"es_auto",28047,37745.02,132827.44,170572.46,22,78
"es_auto",28048,0,2419.36,2419.36,0,100
"es_auto",28049,0,32766.94,32766.94,0,100
"es_auto",28050,52374.75,178856.59,231231.34,23,77
"es_auto",28051,0,34298.84,34298.84,0,100
"es_auto",28053,14051.4,43878.14,57929.54,24,76
"es_auto",28054,25003.74,43660.29,68664.03,36,64
"es_auto",28055,0,1492.94,1492.94,0,100
"es_barsandrestaurants",28001,218166.55,585894.99,804061.54,27,73
"es_barsandrestaurants",28002,290299.56,1767919.82,2058219.38,14,86
"es_barsandrestaurants",28003,209312.65,795185.67,1004498.32,21,79
"es_barsandrestaurants",28004,250230.99,425779.11,676010.1,37,63
"es_barsandrestaurants",28005,276827.67,700367.13,977194.8,28,72
"es_barsandrestaurants",28006,331481.14,748176.65,1079657.79,31,69
"es_barsandrestaurants",28007,230599.61,913193.28,1143792.89,20,80
"es_barsandrestaurants",28008,182175.09,467497.15,649672.24,28,72
"es_barsandrestaurants",28009,238745.39,582417.07,821162.46,29,71
"es_barsandrestaurants",28010,173218.98,654063.79,827282.77,21,79
"es_barsandrestaurants",28011,53039.38,344779.44,397818.82,13,87
"es_barsandrestaurants",28012,67130.6,299881.36,367011.96,18,82
"es_barsandrestaurants",28013,67733.77,159915.5,227649.27,30,70
"es_barsandrestaurants",28014,68595.2,324897.8,393493,17,83
"es_barsandrestaurants",28015,197358.26,629477.4,826835.66,24,76
"es_barsandrestaurants",28016,198310.42,630251.33,828561.75,24,76
"es_barsandrestaurants",28017,46972.09,505858.33,552830.42,8,92
"es_barsandrestaurants",28018,31571.87,210472.01,242043.88,13,87
"es_barsandrestaurants",28019,48915.69,375623.53,424539.22,12,88
"es_barsandrestaurants",28020,303249.52,677658.14,980907.66,31,69
"es_barsandrestaurants",28021,42691.28,193173.62,235864.9,18,82
"es_barsandrestaurants",28022,127661.57,388716.13,516377.7,25,75
"es_barsandrestaurants",28023,143285.03,581777.01,725062.04,20,80
"es_barsandrestaurants",28024,39301.83,225829.36,265131.19,15,85
"es_barsandrestaurants",28025,58281.2,260068.83,318350.03,18,82
"es_barsandrestaurants",28026,84729.37,259360.01,344089.38,25,75
"es_barsandrestaurants",28027,161624.26,736977.35,898601.61,18,82
"es_barsandrestaurants",28028,153378.16,764765.9,918144.06,17,83
"es_barsandrestaurants",28029,107578.25,620912.86,728491.11,15,85
"es_barsandrestaurants",28030,93650.36,579519.81,673170.17,14,86
"es_barsandrestaurants",28031,58825.59,249721.17,308546.76,19,81
"es_barsandrestaurants",28032,69605.78,323506.81,393112.59,18,82
"es_barsandrestaurants",28033,129324.21,927611.37,1056935.58,12,88
"es_barsandrestaurants",28034,138263.89,881964.94,1020228.83,14,86
"es_barsandrestaurants",28035,124468.96,904668.55,1029137.51,12,88
"es_barsandrestaurants",28036,241247.23,651114.76,892361.99,27,73
"es_barsandrestaurants",28037,34830.68,259429.89,294260.57,12,88
"es_barsandrestaurants",28038,31279.42,197878.94,229158.36,14,86
"es_barsandrestaurants",28039,56518.65,539931.32,596449.97,9,91
"es_barsandrestaurants",28040,7680.54,149800.69,157481.23,5,95
"es_barsandrestaurants",28041,39057.57,285295.99,324353.56,12,88
"es_barsandrestaurants",28042,115888.21,477753.98,593642.19,20,80
"es_barsandrestaurants",28043,303635.91,937085.82,1240721.73,24,76
"es_barsandrestaurants",28044,40988.59,234497.71,275486.3,15,85
"es_barsandrestaurants",28045,200080.05,675591.51,875671.56,23,77
"es_barsandrestaurants",28046,27586.33,285476.1,313062.43,9,91
"es_barsandrestaurants",28047,56977.75,299823.18,356800.93,16,84
"es_barsandrestaurants",28048,4397.12,9128.84,13525.96,33,67
"es_barsandrestaurants",28049,29962.26,182523.31,212485.57,14,86
"es_barsandrestaurants",28050,269463.15,676984.1,946447.25,28,72
"es_barsandrestaurants",28051,27484.63,73141.14,100625.77,27,73
"es_barsandrestaurants",28052,0,93.7,93.7,0,100
"es_barsandrestaurants",28053,16688.4,143011.93,159700.33,10,90
"es_barsandrestaurants",28054,36505.35,82790.59,119295.94,31,69
"es_barsandrestaurants",28055,0,10545.18,10545.18,0,100
"es_contents",28001,11946.03,30366.56,42312.59,28,72
"es_contents",28002,20959.54,67336.94,88296.48,24,76
"es_contents",28003,10984.73,58549.46,69534.19,16,84
"es_contents",28004,17262.77,42136.33,59399.1,29,71
"es_contents",28005,22104.95,65323.82,87428.77,25,75
"es_contents",28006,16683.66,43714.47,60398.13,28,72
"es_contents",28007,14318.18,65499.5,79817.68,18,82
"es_contents",28008,11682.68,31244.64,42927.32,27,73
"es_contents",28009,24201.07,32872.09,57073.16,42,58
"es_contents",28010,28240.37,43782.13,72022.5,39,61
"es_contents",28011,1779.87,36087.59,37867.46,5,95
"es_contents",28012,10146.52,32481.78,42628.3,24,76
"es_contents",28013,12738.97,6559.94,19298.91,66,34
"es_contents",28014,3015.63,24192.03,27207.66,11,89
"es_contents",28015,33055.36,46618.47,79673.83,41,59
"es_contents",28016,6145.33,52804.91,58950.24,10,90
"es_contents",28017,5007.72,37250.87,42258.59,12,88
"es_contents",28018,903.08,15125.36,16028.44,6,94
"es_contents",28019,2270.55,37394.29,39664.84,6,94
"es_contents",28020,18830.13,34211,53041.13,36,64
"es_contents",28021,5295.83,11099.25,16395.08,32,68
"es_contents",28022,6109.36,27263.74,33373.1,18,82
"es_contents",28023,8069.21,33726.95,41796.16,19,81
"es_contents",28024,21769.55,21741.35,43510.9,50,50
"es_contents",28025,6625.65,18566.96,25192.61,26,74
"es_contents",28026,3459.66,19406.83,22866.49,15,85
"es_contents",28027,15519.74,42976.36,58496.1,27,73
"es_contents",28028,10897.15,54650.83,65547.98,17,83
"es_contents",28029,5257.65,31783.83,37041.48,14,86
"es_contents",28030,2282.31,49531.94,51814.25,4,96
"es_contents",28031,3831.86,11257.08,15088.94,25,75
"es_contents",28032,7767.9,24759.92,32527.82,24,76
"es_contents",28033,12960.46,46057.44,59017.9,22,78
"es_contents",28034,19329.04,41481.06,60810.1,32,68
"es_contents",28035,3019.4,63089.28,66108.68,5,95
"es_contents",28036,7298.75,46200.77,53499.52,14,86
"es_contents",28037,1226.89,11469.1,12695.99,10,90
"es_contents",28038,1676.63,11832.08,13508.71,12,88
"es_contents",28039,27580.13,46118.1,73698.23,37,63
"es_contents",28040,341.03,5568.12,5909.15,6,94
"es_contents",28041,2348.05,18249.76,20597.81,11,89
"es_contents",28042,6227.53,23778.72,30006.25,21,79
"es_contents",28043,25296.68,60236.31,85532.99,30,70
"es_contents",28044,2092.09,15362.23,17454.32,12,88
"es_contents",28045,15147.3,55542.98,70690.28,21,79
"es_contents",28046,1564.04,14370.34,15934.38,10,90
"es_contents",28047,980.92,29571.43,30552.35,3,97
"es_contents",28048,0,301.21,301.21,0,100
"es_contents",28049,752.5,8284.66,9037.16,8,92
"es_contents",28050,6735.75,39150.04,45885.79,15,85
"es_contents",28051,0,3450.58,3450.58,0,100
"es_contents",28053,818.95,7956.31,8775.26,9,91
"es_contents",28054,0,4218.16,4218.16,0,100
"es_fashion",28001,151812.75,236159.87,387972.62,39,61
"es_fashion",28002,730299.35,504897.28,1235196.63,59,41
"es_fashion",28003,393332.07,480151.34,873483.41,45,55
"es_fashion",28004,174056.01,244041.19,418097.2,42,58
"es_fashion",28005,1138534.74,441409.31,1579944.05,72,28
"es_fashion",28006,271216.68,306318.63,577535.31,47,53
"es_fashion",28007,1127193.16,584812.78,1712005.94,66,34
"es_fashion",28008,299658.14,259251.29,558909.43,54,46
"es_fashion",28009,267599.34,378120.25,645719.59,41,59
"es_fashion",28010,187592.94,366768.84,554361.78,34,66
"es_fashion",28011,181227.93,606558.31,787786.24,23,77
"es_fashion",28012,152785.43,298895.1,451680.53,34,66
"es_fashion",28013,20494.24,85354.22,105848.46,19,81
"es_fashion",28014,70591.99,255753.52,326345.51,22,78
"es_fashion",28015,352967.62,324112.13,677079.75,52,48
"es_fashion",28016,166487.89,232891.51,399379.4,42,58
"es_fashion",28017,729373.01,783497.25,1512870.26,48,52
"es_fashion",28018,593647.86,374942.97,968590.83,61,39
"es_fashion",28019,450729.56,748446.14,1199175.7,38,62
"es_fashion",28020,582493.2,323153.05,905646.25,64,36
"es_fashion",28021,971099.64,272348.64,1243448.28,78,22
"es_fashion",28022,1199391.68,290891.91,1490283.59,80,20
"es_fashion",28023,410639.5,159755.66,570395.16,72,28
"es_fashion",28024,167448.33,443334.55,610782.88,27,73
"es_fashion",28025,666221.69,471701.93,1137923.62,59,41
"es_fashion",28026,663323.6,409354.45,1072678.05,62,38
"es_fashion",28027,793237.1,655158.76,1448395.86,55,45
"es_fashion",28028,363728.53,511781.56,875510.09,42,58
"es_fashion",28029,563910.67,452289.8,1016200.47,55,45
"es_fashion",28030,1000027.17,484201.81,1484228.98,67,33
"es_fashion",28031,535509.4,513476.29,1048985.69,51,49
"es_fashion",28032,975909.72,918265.76,1894175.48,52,48
"es_fashion",28033,757716.77,920800.37,1678517.14,45,55
"es_fashion",28034,904308.45,425139.21,1329447.66,68,32
"es_fashion",28035,841243.73,910521.85,1751765.58,48,52
"es_fashion",28036,233033.75,403955.81,636989.56,37,63
"es_fashion",28037,200934.98,401275.83,602210.81,33,67
"es_fashion",28038,519210.36,355979.96,875190.32,59,41
"es_fashion",28039,437625.07,865376.63,1303001.7,34,66
"es_fashion",28040,6924.09,102552.6,109476.69,6,94
"es_fashion",28041,680368.02,589555.19,1269923.21,54,46
"es_fashion",28042,815724.68,267423.09,1083147.77,75,25
"es_fashion",28043,660213.44,811493.33,1471706.77,45,55
"es_fashion",28044,315375.26,665358.01,980733.27,32,68
"es_fashion",28045,1330368.77,447444.04,1777812.81,75,25
"es_fashion",28046,1272.58,209187.47,210460.05,1,99
"es_fashion",28047,551664.89,514001.56,1065666.45,52,48
"es_fashion",28048,0,59623.72,59623.72,0,100
"es_fashion",28049,0,277835.53,277835.53,0,100
"es_fashion",28050,636638.06,433614.39,1070252.45,59,41
"es_fashion",28051,292465.63,164898.15,457363.78,64,36
"es_fashion",28052,0,6583.04,6583.04,0,100
"es_fashion",28053,237677.07,351033.02,588710.09,40,60
"es_fashion",28054,445745.02,139714.39,585459.41,76,24
"es_fashion",28055,0,8042.46,8042.46,0,100
"es_food",28001,151812.75,236159.87,387972.62,39,61
"es_food",28002,730299.35,504897.28,1235196.63,59,41
"es_food",28003,393332.07,480151.34,873483.41,45,55
"es_food",28004,174056.01,244041.19,418097.2,42,58
"es_food",28005,1138534.74,441409.31,1579944.05,72,28
"es_food",28006,271216.68,306318.63,577535.31,47,53
"es_food",28007,1127193.16,584812.78,1712005.94,66,34
"es_food",28008,299658.14,259251.29,558909.43,54,46
"es_food",28009,267599.34,378120.25,645719.59,41,59
"es_food",28010,187592.94,366768.84,554361.78,34,66
"es_food",28011,181227.93,606558.31,787786.24,23,77
"es_food",28012,152785.43,298895.1,451680.53,34,66
"es_food",28013,20494.24,85354.22,105848.46,19,81
"es_food",28014,70591.99,255753.52,326345.51,22,78
"es_food",28015,352967.62,324112.13,677079.75,52,48
"es_food",28016,166487.89,232891.51,399379.4,42,58
"es_food",28017,729373.01,783497.25,1512870.26,48,52
"es_food",28018,593647.86,374942.97,968590.83,61,39
"es_food",28019,450729.56,748446.14,1199175.7,38,62
"es_food",28020,582493.2,323153.05,905646.25,64,36
"es_food",28021,971099.64,272348.64,1243448.28,78,22
"es_food",28022,1199391.68,290891.91,1490283.59,80,20
"es_food",28023,410639.5,159755.66,570395.16,72,28
"es_food",28024,167448.33,443334.55,610782.88,27,73
"es_food",28025,666221.69,471701.93,1137923.62,59,41
"es_food",28026,663323.6,409354.45,1072678.05,62,38
"es_food",28027,793237.1,655158.76,1448395.86,55,45
"es_food",28028,363728.53,511781.56,875510.09,42,58
"es_food",28029,563910.67,452289.8,1016200.47,55,45
"es_food",28030,1000027.17,484201.81,1484228.98,67,33
"es_food",28031,535509.4,513476.29,1048985.69,51,49
"es_food",28032,975909.72,918265.76,1894175.48,52,48
"es_food",28033,757716.77,920800.37,1678517.14,45,55
"es_food",28034,904308.45,425139.21,1329447.66,68,32
"es_food",28035,841243.73,910521.85,1751765.58,48,52
"es_food",28036,233033.75,403955.81,636989.56,37,63
"es_food",28037,200934.98,401275.83,602210.81,33,67
"es_food",28038,519210.36,355979.96,875190.32,59,41
"es_food",28039,437625.07,865376.63,1303001.7,34,66
"es_food",28040,6924.09,102552.6,109476.69,6,94
"es_food",28041,680368.02,589555.19,1269923.21,54,46
"es_food",28042,815724.68,267423.09,1083147.77,75,25
"es_food",28043,660213.44,811493.33,1471706.77,45,55
"es_food",28044,315375.26,665358.01,980733.27,32,68
"es_food",28045,1330368.77,447444.04,1777812.81,75,25
"es_food",28046,1272.58,209187.47,210460.05,1,99
"es_food",28047,551664.89,514001.56,1065666.45,52,48
"es_food",28048,0,59623.72,59623.72,0,100
"es_food",28049,0,277835.53,277835.53,0,100
"es_food",28050,636638.06,433614.39,1070252.45,59,41
"es_food",28051,292465.63,164898.15,457363.78,64,36
"es_food",28052,0,6583.04,6583.04,0,100
"es_food",28053,237677.07,351033.02,588710.09,40,60
"es_food",28054,445745.02,139714.39,585459.41,76,24
"es_food",28055,0,8042.46,8042.46,0,100
"es_health",28001,155817.15,264493.8,420310.95,37,63
"es_health",28002,316001.05,418658.55,734659.6,43,57
"es_health",28003,176868.26,350916.07,527784.33,34,66
"es_health",28004,100366.04,235858.6,336224.64,30,70
"es_health",28005,253433.09,447112.2,700545.29,36,64
"es_health",28006,189810.5,353344.01,543154.51,35,65
"es_health",28007,322692.4,441711.17,764403.57,42,58
"es_health",28008,143414.84,264905.7,408320.54,35,65
"es_health",28009,195825.31,270474.8,466300.11,42,58
"es_health",28010,199061.06,323851.93,522912.99,38,62
"es_health",28011,152347.15,212461.82,364808.97,42,58
"es_health",28012,74698.74,173919.09,248617.83,30,70
"es_health",28013,32801.59,74620.77,107422.36,31,69
"es_health",28014,24623.23,143265.98,167889.21,15,85
"es_health",28015,219611.64,341523.45,561135.09,39,61
"es_health",28016,192764.59,259598.26,452362.85,43,57
"es_health",28017,157934.41,398737.65,556672.06,28,72
"es_health",28018,100550.47,178873,279423.47,36,64
"es_health",28019,118902.87,285623.94,404526.81,29,71
"es_health",28020,232754.82,343201.95,575956.77,40,60
"es_health",28021,169163.02,155035.15,324198.17,52,48
"es_health",28022,192333.94,194476.99,386810.93,50,50
"es_health",28023,117690.88,210572.51,328263.39,36,64
"es_health",28024,113296.74,184685.63,297982.37,38,62
"es_health",28025,153318.99,186459.97,339778.96,45,55
"es_health",28026,129291.11,129568.27,258859.38,50,50
"es_health",28027,251505.25,393152.04,644657.29,39,61
"es_health",28028,187717.99,424337.14,612055.13,31,69
"es_health",28029,224725.31,363982.7,588708.01,38,62
"es_health",28030,330594.33,340787.58,671381.91,49,51
"es_health",28031,140037.3,157525.66,297562.96,47,53
"es_health",28032,190291.35,234577.04,424868.39,45,55
"es_health",28033,264570.5,467498.69,732069.19,36,64
"es_health",28034,281981.52,409735.91,691717.43,41,59
"es_health",28035,199356.92,595676.88,795033.8,25,75
"es_health",28036,121616.93,349425.22,471042.15,26,74
"es_health",28037,48398.7,171216.74,219615.44,22,78
"es_health",28038,87387.4,173943.13,261330.53,33,67
"es_health",28039,113880.59,396208.07,510088.66,22,78
"es_health",28040,6344.08,64119.15,70463.23,9,91
"es_health",28041,158623.92,210802.47,369426.39,43,57
"es_health",28042,153384.69,218714.64,372099.33,41,59
"es_health",28043,348635.72,465496.7,814132.42,43,57
"es_health",28044,139492.86,184990.84,324483.7,43,57
"es_health",28045,259804.23,378689.16,638493.39,41,59
"es_health",28046,45520.23,149555.73,195075.96,23,77
"es_health",28047,113491.94,306957.87,420449.81,27,73
"es_health",28048,0,8771.22,8771.22,0,100
"es_health",28049,12874.62,116621.79,129496.41,10,90
"es_health",28050,271499.25,301759.97,573259.22,47,53
"es_health",28051,41415.89,64110.02,105525.91,39,61
"es_health",28052,0,47.09,47.09,0,100
"es_health",28053,33739.04,113165.18,146904.22,23,77
"es_health",28054,56672.6,85556.63,142229.23,40,60
"es_health",28055,0,4013.93,4013.93,0,100
"es_home",28001,90853.64,85677.71,176531.35,51,49
"es_home",28002,57152.62,194743.53,251896.15,23,77
"es_home",28003,35227.86,160517.4,195745.26,18,82
"es_home",28004,29283.45,128666.97,157950.42,19,81
"es_home",28005,40736.07,181569.23,222305.3,18,82
"es_home",28006,67256.42,152027.29,219283.71,31,69
"es_home",28007,51249.23,254718.89,305968.12,17,83
"es_home",28008,38794.39,79024.85,117819.24,33,67
"es_home",28009,45496.2,167569.13,213065.33,21,79
"es_home",28010,27280.71,133478.62,160759.33,17,83
"es_home",28011,20496.14,59442.45,79938.59,26,74
"es_home",28012,17113.71,101753.2,118866.91,14,86
"es_home",28013,3500.49,35638.64,39139.13,9,91
"es_home",28014,2820.82,76851.57,79672.39,4,96
"es_home",28015,45176.33,139987.69,185164.02,24,76
"es_home",28016,35009.58,119572.12,154581.7,23,77
"es_home",28017,37307.84,189398.18,226706.02,16,84
"es_home",28018,18581.7,147158.49,165740.19,11,89
"es_home",28019,35357.34,102465.1,137822.44,26,74
"es_home",28020,68135.87,97966.47,166102.34,41,59
"es_home",28021,27008.37,82083.06,109091.43,25,75
"es_home",28022,36775.79,138189.72,174965.51,21,79
"es_home",28023,13295.6,62104.34,75399.94,18,82
"es_home",28024,19283.32,46749.06,66032.38,29,71
"es_home",28025,28752.74,66573.4,95326.14,30,70
"es_home",28026,29888.14,75655.74,105543.88,28,72
"es_home",28027,47791.54,170432.63,218224.17,22,78
"es_home",28028,52069.98,163218.21,215288.19,24,76
"es_home",28029,56029.28,109471.63,165500.91,34,66
"es_home",28030,35058.31,232861.35,267919.66,13,87
"es_home",28031,21774.77,145162.6,166937.37,13,87
"es_home",28032,32544.84,169350.83,201895.67,16,84
"es_home",28033,19522.22,163598.21,183120.43,11,89
"es_home",28034,27650.72,165818.46,193469.18,14,86
"es_home",28035,15010.16,185390.79,200400.95,7,93
"es_home",28036,46056.1,114761.56,160817.66,29,71
"es_home",28037,12119.51,61403.92,73523.43,16,84
"es_home",28038,21659.82,123430.09,145089.91,15,85
"es_home",28039,20038.06,125143.47,145181.53,14,86
"es_home",28040,0,26443.37,26443.37,0,100
"es_home",28041,8121.31,108802.93,116924.24,7,93
"es_home",28042,11021.17,82535.48,93556.65,12,88
"es_home",28043,59642.3,171140.53,230782.83,26,74
"es_home",28044,10065.54,43231.57,53297.11,19,81
"es_home",28045,74670.02,204606.87,279276.89,27,73
"es_home",28046,9424.38,53956.93,63381.31,15,85
"es_home",28047,26039.13,78376.13,104415.26,25,75
"es_home",28048,0,289.78,289.78,0,100
"es_home",28049,0,20823.49,20823.49,0,100
"es_home",28050,19424.64,92505.36,111930,17,83
"es_home",28051,66324.45,4804.48,71128.93,93,7
"es_home",28053,11094.1,67206.64,78300.74,14,86
"es_home",28054,9434.77,14596.01,24030.78,39,61
"es_home",28055,0,233.95,233.95,0,100
"es_hotelservices",28001,7707.51,17073.16,24780.67,31,69
"es_hotelservices",28002,10600.52,42906.79,53507.31,20,80
"es_hotelservices",28003,5967.53,21041.24,27008.77,22,78
"es_hotelservices",28004,8186.18,15898.48,24084.66,34,66
"es_hotelservices",28005,9052.69,24945.06,33997.75,27,73
"es_hotelservices",28006,10154.22,26021.3,36175.52,28,72
"es_hotelservices",28007,4509.28,32410.84,36920.12,12,88
"es_hotelservices",28008,4233.18,20108.23,24341.41,17,83
"es_hotelservices",28009,2099.41,10220.19,12319.6,17,83
"es_hotelservices",28010,4380.25,8526.21,12906.46,34,66
"es_hotelservices",28011,0,4001.52,4001.52,0,100
"es_hotelservices",28012,4358.85,9933.36,14292.21,30,70
"es_hotelservices",28013,825.37,3869.62,4694.99,18,82
"es_hotelservices",28014,1270.05,964.75,2234.8,57,43
"es_hotelservices",28015,9194.1,22283.95,31478.05,29,71
"es_hotelservices",28016,0,31083.92,31083.92,0,100
"es_hotelservices",28017,0,7493.95,7493.95,0,100
"es_hotelservices",28018,0,420.41,420.41,0,100
"es_hotelservices",28019,0,6235.05,6235.05,0,100
"es_hotelservices",28020,15214.87,22730.84,37945.71,40,60
"es_hotelservices",28021,0,517.1,517.1,0,100
"es_hotelservices",28022,25029.3,6761.32,31790.62,79,21
"es_hotelservices",28023,392.39,18387.62,18780.01,2,98
"es_hotelservices",28024,0,2417.51,2417.51,0,100
"es_hotelservices",28025,0,884.71,884.71,0,100
"es_hotelservices",28026,0,761.04,761.04,0,100
"es_hotelservices",28027,8089.42,11423.47,19512.89,41,59
"es_hotelservices",28028,5749.03,15703.28,21452.31,27,73
"es_hotelservices",28029,0,17868.09,17868.09,0,100
"es_hotelservices",28030,0,13911.17,13911.17,0,100
"es_hotelservices",28031,0,1264.03,1264.03,0,100
"es_hotelservices",28032,1242.65,4413.89,5656.54,22,78
"es_hotelservices",28033,13431.5,38550.03,51981.53,26,74
"es_hotelservices",28034,11026.02,22939.77,33965.79,32,68
"es_hotelservices",28035,0,22011.2,22011.2,0,100
"es_hotelservices",28036,6158.18,18677.76,24835.94,25,75
"es_hotelservices",28037,990.79,1372.96,2363.75,42,58
"es_hotelservices",28038,0,410.75,410.75,0,100
"es_hotelservices",28039,0,5714.78,5714.78,0,100
"es_hotelservices",28041,0,460,460,0,100
"es_hotelservices",28042,11915.21,7163.71,19078.92,62,38
"es_hotelservices",28043,5368.36,40099.1,45467.46,12,88
"es_hotelservices",28044,0,781.59,781.59,0,100
"es_hotelservices",28045,3570.07,29240.08,32810.15,11,89
"es_hotelservices",28046,4652.39,4150.22,8802.61,53,47
"es_hotelservices",28047,0,2446.49,2446.49,0,100
"es_hotelservices",28049,0,134,134,0,100
"es_hotelservices",28050,2873.3,21228.45,24101.75,12,88
"es_hotelservices",28053,0,506.6,506.6,0,100
"es_hyper",28001,188863.97,742106.57,930970.54,20,80
"es_hyper",28002,426524.76,1262964.83,1689489.59,25,75
"es_hyper",28003,647095.74,592967.85,1240063.59,52,48
"es_hyper",28004,0,717893.21,717893.21,0,100
"es_hyper",28005,257436.8,860022.83,1117459.63,23,77
"es_hyper",28006,457927.05,782424.32,1240351.37,37,63
"es_hyper",28007,324060.72,1422905.05,1746965.77,19,81
"es_hyper",28008,437228.6,369783.14,807011.74,54,46
"es_hyper",28009,691890.5,472917.4,1164807.9,59,41
"es_hyper",28010,263811.44,760477.59,1024289.03,26,74
"es_hyper",28011,276910.68,439428.18,716338.86,39,61
"es_hyper",28012,154456.57,495696.47,650153.04,24,76
"es_hyper",28013,171657.6,105658.75,277316.35,62,38
"es_hyper",28014,0,408638.68,408638.68,0,100
"es_hyper",28015,460247.64,854064.67,1314312.31,35,65
"es_hyper",28016,945524.2,620568.52,1566092.72,60,40
"es_hyper",28017,0,888163.7,888163.7,0,100
"es_hyper",28018,0,1021402.73,1021402.73,0,100
"es_hyper",28019,133641.9,605546.9,739188.8,18,82
"es_hyper",28020,216765.7,1092993.08,1309758.78,17,83
"es_hyper",28021,55730.5,585292.21,641022.71,9,91
"es_hyper",28022,287394.37,543177.41,830571.78,35,65
"es_hyper",28023,532071.65,363747.26,895818.91,59,41
"es_hyper",28024,39119.35,314293.01,353412.36,11,89
"es_hyper",28025,283755.22,244439.31,528194.53,54,46
"es_hyper",28026,0,439813.08,439813.08,0,100
"es_hyper",28027,282183.16,959084.84,1241268,23,77
"es_hyper",28028,487036.93,986647.94,1473684.87,33,67
"es_hyper",28029,1563861.83,595460.23,2159322.06,72,28
"es_hyper",28030,1332701.07,709132.3,2041833.37,65,35
"es_hyper",28031,0,413967.49,413967.49,0,100
"es_hyper",28032,0,768843.44,768843.44,0,100
"es_hyper",28033,217842.58,1955475.18,2173317.76,10,90
"es_hyper",28034,311170.11,1620608.06,1931778.17,16,84
"es_hyper",28035,252086.74,2141688.12,2393774.86,11,89
"es_hyper",28036,0,1097814.4,1097814.4,0,100
"es_hyper",28037,0,397973.14,397973.14,0,100
"es_hyper",28038,441285.35,343681.95,784967.3,56,44
"es_hyper",28039,54701.37,1014968.18,1069669.55,5,95
"es_hyper",28040,0,161856.02,161856.02,0,100
"es_hyper",28041,820377.23,342408.49,1162785.72,71,29
"es_hyper",28042,395093.88,584366.89,979460.77,40,60
"es_hyper",28043,1102521.7,1304548.84,2407070.54,46,54
"es_hyper",28044,0,248425.6,248425.6,0,100
"es_hyper",28045,360781.32,846992.58,1207773.9,30,70
"es_hyper",28046,0,362849.52,362849.52,0,100
"es_hyper",28047,0,426414.68,426414.68,0,100
"es_hyper",28048,0,42086.34,42086.34,0,100
"es_hyper",28049,0,295373.26,295373.26,0,100
"es_hyper",28050,1257316.97,667465.27,1924782.24,65,35
"es_hyper",28051,0,176165.32,176165.32,0,100
"es_hyper",28053,0,486819.38,486819.38,0,100
"es_hyper",28054,0,86845.98,86845.98,0,100
"es_hyper",28055,0,32093.71,32093.71,0,100
"es_leisure",28001,2903.84,16318.52,19222.36,15,85
"es_leisure",28002,1189.52,67438.29,68627.81,2,98
"es_leisure",28003,13534.8,32051.53,45586.33,30,70
"es_leisure",28004,8478.97,26441.1,34920.07,24,76
"es_leisure",28005,4345.5,36661.27,41006.77,11,89
"es_leisure",28006,1576.85,32739.51,34316.36,5,95
"es_leisure",28007,2289,58173,60462,4,96
"es_leisure",28008,5957.7,18330.24,24287.94,25,75
"es_leisure",28009,13172.6,43401.63,56574.23,23,77
"es_leisure",28010,8045.88,39719.67,47765.55,17,83
"es_leisure",28011,478.43,14079.39,14557.82,3,97
"es_leisure",28012,6226.11,11875.94,18102.05,34,66
"es_leisure",28013,6072.95,6554.64,12627.59,48,52
"es_leisure",28014,1519.02,10028.87,11547.89,13,87
"es_leisure",28015,14495.54,37525.96,52021.5,28,72
"es_leisure",28016,0,25407.05,25407.05,0,100
"es_leisure",28017,0,40763.89,40763.89,0,100
"es_leisure",28018,6749.1,17546.43,24295.53,28,72
"es_leisure",28019,7723.4,20047.6,27771,28,72
"es_leisure",28020,15352.1,37671.98,53024.08,29,71
"es_leisure",28021,0,14400.89,14400.89,0,100
"es_leisure",28022,0,23894.38,23894.38,0,100
"es_leisure",28023,0,29834.93,29834.93,0,100
"es_leisure",28024,0,9689.74,9689.74,0,100
"es_leisure",28025,0,11227.06,11227.06,0,100
"es_leisure",28026,0,12462.57,12462.57,0,100
"es_leisure",28027,9176.75,44614.15,53790.9,17,83
"es_leisure",28028,0,45826.82,45826.82,0,100
"es_leisure",28029,0,38624.9,38624.9,0,100
"es_leisure",28030,0,29911.29,29911.29,0,100
"es_leisure",28031,0,13859.36,13859.36,0,100
"es_leisure",28032,10023.41,22425.17,32448.58,31,69
"es_leisure",28033,8260.03,43096.94,51356.97,16,84
"es_leisure",28034,0,46535.79,46535.79,0,100
"es_leisure",28035,13506,34319.87,47825.87,28,72
"es_leisure",28036,10452.64,22413.33,32865.97,32,68
"es_leisure",28037,4367.18,9070.16,13437.34,33,67
"es_leisure",28038,10362.01,10644.86,21006.87,49,51
"es_leisure",28039,0,36276.38,36276.38,0,100
"es_leisure",28040,0,2999.55,2999.55,0,100
"es_leisure",28041,0,17694.46,17694.46,0,100
"es_leisure",28042,8627.56,19863.4,28490.96,30,70
"es_leisure",28043,31886.55,38265.13,70151.68,45,55
"es_leisure",28044,0,6748.02,6748.02,0,100
"es_leisure",28045,16359.39,40059.89,56419.28,29,71
"es_leisure",28046,0,6527.1,6527.1,0,100
"es_leisure",28047,0,12041.66,12041.66,0,100
"es_leisure",28049,0,3810.8,3810.8,0,100
"es_leisure",28050,0,28549.92,28549.92,0,100
"es_leisure",28051,0,2479.32,2479.32,0,100
"es_leisure",28053,0,11894.19,11894.19,0,100
"es_leisure",28054,0,3565.53,3565.53,0,100
"es_leisure",28055,0,163.2,163.2,0,100
"es_otherservices",28001,83431.48,112180.38,195611.86,43,57
"es_otherservices",28002,129055.86,293657.04,422712.9,31,69
"es_otherservices",28003,90906.12,228823.54,319729.66,28,72
"es_otherservices",28004,102099.76,148145.64,250245.4,41,59
"es_otherservices",28005,133947.45,214135.31,348082.76,38,62
"es_otherservices",28006,84619.24,253463.6,338082.84,25,75
"es_otherservices",28007,124477.84,267646.88,392124.72,32,68
"es_otherservices",28008,33035.68,130509.67,163545.35,20,80
"es_otherservices",28009,74000.12,173025.27,247025.39,30,70
"es_otherservices",28010,98188.52,178432.36,276620.88,35,65
"es_otherservices",28011,68095.95,132242.15,200338.1,34,66
"es_otherservices",28012,38220.98,118998.75,157219.73,24,76
"es_otherservices",28013,17408.53,37990.54,55399.07,31,69
"es_otherservices",28014,20990.16,88692.29,109682.45,19,81
"es_otherservices",28015,85350.44,188800.55,274150.99,31,69
"es_otherservices",28016,65781.73,150099.54,215881.27,30,70
"es_otherservices",28017,131388.5,256013.37,387401.87,34,66
"es_otherservices",28018,52741.82,132609.77,185351.59,28,72
"es_otherservices",28019,82065.98,158101.59,240167.57,34,66
"es_otherservices",28020,82113.95,224969.06,307083.01,27,73
"es_otherservices",28021,65723.75,109174.35,174898.1,38,62
"es_otherservices",28022,119961.06,145439.58,265400.64,45,55
"es_otherservices",28023,39698.92,129394.83,169093.75,23,77
"es_otherservices",28024,28967.69,101494.49,130462.18,22,78
"es_otherservices",28025,64066.19,109229.02,173295.21,37,63
"es_otherservices",28026,42293.94,109653.51,151947.45,28,72
"es_otherservices",28027,122220.22,243551.14,365771.36,33,67
"es_otherservices",28028,54395.3,225992.84,280388.14,19,81
"es_otherservices",28029,94948.76,211700.61,306649.37,31,69
"es_otherservices",28030,72742.55,227837.33,300579.88,24,76
"es_otherservices",28031,100311.99,115979.71,216291.7,46,54
"es_otherservices",28032,76908.81,169716.23,246625.04,31,69
"es_otherservices",28033,89352.55,290251.77,379604.32,24,76
"es_otherservices",28034,55481.6,274812.1,330293.7,17,83
"es_otherservices",28035,85663.59,309327.96,394991.55,22,78
"es_otherservices",28036,32796.58,180621.72,213418.3,15,85
"es_otherservices",28037,41330.59,101403.97,142734.56,29,71
"es_otherservices",28038,48069.78,111451.51,159521.29,30,70
"es_otherservices",28039,49167.33,198419.29,247586.62,20,80
"es_otherservices",28040,1485.15,24487.96,25973.11,6,94
"es_otherservices",28041,47660.56,133149.97,180810.53,26,74
"es_otherservices",28042,77438.8,120947.67,198386.47,39,61
"es_otherservices",28043,107483.76,300782.58,408266.34,26,74
"es_otherservices",28044,25466.17,98426.6,123892.77,21,79
"es_otherservices",28045,99743.12,231953.33,331696.45,30,70
"es_otherservices",28046,9070.68,52662.9,61733.58,15,85
"es_otherservices",28047,47005.89,140681.32,187687.21,25,75
"es_otherservices",28048,0,5131.82,5131.82,0,100
"es_otherservices",28049,6956.18,41667.18,48623.36,14,86
"es_otherservices",28050,66219.78,184335.82,250555.6,26,74
"es_otherservices",28051,13250.86,49873.53,63124.39,21,79
"es_otherservices",28053,24015.88,102689.9,126705.78,19,81
"es_otherservices",28054,9391.75,27904.11,37295.86,25,75
"es_otherservices",28055,0,548.28,548.28,0,100
"es_sportsandtoys",28001,24036.81,58962.33,82999.14,29,71
"es_sportsandtoys",28002,32074.31,98623.04,130697.35,25,75
"es_sportsandtoys",28003,17866.54,89005.61,106872.15,17,83
"es_sportsandtoys",28004,19488.2,46096.36,65584.56,30,70
"es_sportsandtoys",28005,16972.86,110457.47,127430.33,13,87
"es_sportsandtoys",28006,59522.39,71688.47,131210.86,45,55
"es_sportsandtoys",28007,48458.23,93368.96,141827.19,34,66
"es_sportsandtoys",28008,16532.95,53209.72,69742.67,24,76
"es_sportsandtoys",28009,29185.64,59360.24,88545.88,33,67
"es_sportsandtoys",28010,22508.34,84668.78,107177.12,21,79
"es_sportsandtoys",28011,15390.69,51714.33,67105.02,23,77
"es_sportsandtoys",28012,11670.7,33557.09,45227.79,26,74
"es_sportsandtoys",28013,3676.44,6251.2,9927.64,37,63
"es_sportsandtoys",28014,1286.86,31416.71,32703.57,4,96
"es_sportsandtoys",28015,26537.4,51560.1,78097.5,34,66
"es_sportsandtoys",28016,20216.47,59918.55,80135.02,25,75
"es_sportsandtoys",28017,14299.13,85208.25,99507.38,14,86
"es_sportsandtoys",28018,19471.81,65668.87,85140.68,23,77
"es_sportsandtoys",28019,16002.41,106560.33,122562.74,13,87
"es_sportsandtoys",28020,31931.32,48783.64,80714.96,40,60
"es_sportsandtoys",28021,3815.08,61306.07,65121.15,6,94
"es_sportsandtoys",28022,51666.95,44551.11,96218.06,54,46
"es_sportsandtoys",28023,36681.81,71217.18,107898.99,34,66
"es_sportsandtoys",28024,5743.75,45035.71,50779.46,11,89
"es_sportsandtoys",28025,18581.74,81005.74,99587.48,19,81
"es_sportsandtoys",28026,44704.52,46170.37,90874.89,49,51
"es_sportsandtoys",28027,18826.67,81976.76,100803.43,19,81
"es_sportsandtoys",28028,4512.65,88386.15,92898.8,5,95
"es_sportsandtoys",28029,53500.64,68730.23,122230.87,44,56
"es_sportsandtoys",28030,3367.65,108043.87,111411.52,3,97
"es_sportsandtoys",28031,19514.16,51370.37,70884.53,28,72
"es_sportsandtoys",28032,19622.44,81378.96,101001.4,19,81
"es_sportsandtoys",28033,14232.87,103937.65,118170.52,12,88
"es_sportsandtoys",28034,36443.54,92371.92,128815.46,28,72
"es_sportsandtoys",28035,14992.44,132509.49,147501.93,10,90
"es_sportsandtoys",28036,6398.15,72497.73,78895.88,8,92
"es_sportsandtoys",28037,0,46495.32,46495.32,0,100
"es_sportsandtoys",28038,19445.83,47912.77,67358.6,29,71
"es_sportsandtoys",28039,627.95,91625.56,92253.51,1,99
"es_sportsandtoys",28040,1764.04,5540.96,7305,24,76
"es_sportsandtoys",28041,1843.85,106597.7,108441.55,2,98
"es_sportsandtoys",28042,367.15,64255.27,64622.42,1,99
"es_sportsandtoys",28043,63201.99,91257.78,154459.77,41,59
"es_sportsandtoys",28044,13272.61,52943.95,66216.56,20,80
"es_sportsandtoys",28045,24910.1,114280.1,139190.2,18,82
"es_sportsandtoys",28046,706.72,22443.58,23150.3,3,97
"es_sportsandtoys",28047,7996.08,79504.52,87500.6,9,91
"es_sportsandtoys",28048,0,1046.61,1046.61,0,100
"es_sportsandtoys",28049,4842.76,18607.28,23450.04,21,79
"es_sportsandtoys",28050,801.4,75025.77,75827.17,1,99
"es_sportsandtoys",28051,10593.11,13705.27,24298.38,44,56
"es_sportsandtoys",28053,0,48055.7,48055.7,0,100
"es_sportsandtoys",28054,27805.82,11710.49,39516.31,70,30
"es_sportsandtoys",28055,0,271.4,271.4,0,100
"es_tech",28001,24564.49,59974.51,84539,29,71
"es_tech",28002,84323.22,230994.31,315317.53,27,73
"es_tech",28003,25229.22,186221.8,211451.02,12,88
"es_tech",28004,58831.3,154661.07,213492.37,28,72
"es_tech",28005,27417.08,283248.17,310665.25,9,91
"es_tech",28006,34872.72,121433.12,156305.84,22,78
"es_tech",28007,38668.32,264616.92,303285.24,13,87
"es_tech",28008,23640.02,104926.32,128566.34,18,82
"es_tech",28009,44708.13,112917.83,157625.96,28,72
"es_tech",28010,14776.36,141032.15,155808.51,9,91
"es_tech",28011,35361.17,119131.55,154492.72,23,77
"es_tech",28012,45664.16,117109.09,162773.25,28,72
"es_tech",28013,38635.98,19513.44,58149.42,66,34
"es_tech",28014,1313.74,68865.5,70179.24,2,98
"es_tech",28015,58343.6,135664.37,194007.97,30,70
"es_tech",28016,22533.78,123308.49,145842.27,15,85
"es_tech",28017,22863.8,283548.39,306412.19,7,93
"es_tech",28018,37398.79,131112.62,168511.41,22,78
"es_tech",28019,64969.33,171603.31,236572.64,27,73
"es_tech",28020,123196.86,122629.58,245826.44,50,50
"es_tech",28021,123741.84,81712.75,205454.59,60,40
"es_tech",28022,167438.98,94088.33,261527.31,64,36
"es_tech",28023,10630.93,71339.92,81970.85,13,87
"es_tech",28024,22965.44,95332.27,118297.71,19,81
"es_tech",28025,34254.99,167776.7,202031.69,17,83
"es_tech",28026,44289.49,137001.44,181290.93,24,76
"es_tech",28027,61783.84,225368.57,287152.41,22,78
"es_tech",28028,36678.28,195710.65,232388.93,16,84
"es_tech",28029,78385.57,146386.47,224772.04,35,65
"es_tech",28030,57685.23,216093.85,273779.08,21,79
"es_tech",28031,41277.12,138848.92,180126.04,23,77
"es_tech",28032,69546.98,195962.47,265509.45,26,74
"es_tech",28033,20361.41,196331.37,216692.78,9,91
"es_tech",28034,6903.04,179144.95,186047.99,4,96
"es_tech",28035,6663.23,205046.39,211709.62,3,97
"es_tech",28036,18100.15,106054.65,124154.8,15,85
"es_tech",28037,10434.8,116950.6,127385.4,8,92
"es_tech",28038,31593.16,119700.87,151294.03,21,79
"es_tech",28039,5970.66,247383.66,253354.32,2,98
"es_tech",28040,0,25620.18,25620.18,0,100
"es_tech",28041,42634.13,224358.33,266992.46,16,84
"es_tech",28042,10540.19,149461.01,160001.2,7,93
"es_tech",28043,56463.61,244034.16,300497.77,19,81
"es_tech",28044,32465.28,107645.37,140110.65,23,77
"es_tech",28045,55817.69,292773.77,348591.46,16,84
"es_tech",28046,13141.46,35240.65,48382.11,27,73
"es_tech",28047,38333.66,150024.01,188357.67,20,80
"es_tech",28048,0,1361.42,1361.42,0,100
"es_tech",28049,0,16659.92,16659.92,0,100
"es_tech",28050,12343.96,97241.95,109585.91,11,89
"es_tech",28051,43800.91,27330.83,71131.74,62,38
"es_tech",28053,6389.4,88604.18,94993.58,7,93
"es_tech",28054,57422.48,15088.41,72510.89,79,21
"es_transportation",28001,41793.43,393956.95,435750.38,10,90
"es_transportation",28002,254820.42,906188.07,1161008.49,22,78
"es_transportation",28003,168036.61,1459331.69,1627368.3,10,90
"es_transportation",28004,669.15,436183.15,436852.3,0,100
"es_transportation",28005,204597.57,825959.58,1030557.15,20,80
"es_transportation",28006,98034.63,506766.18,604800.81,16,84
"es_transportation",28007,614745.97,526270.78,1141016.75,54,46
"es_transportation",28008,19562.98,459207.62,478770.6,4,96
"es_transportation",28009,12879.86,518144.24,531024.1,2,98
"es_transportation",28010,50341.41,448469.17,498810.58,10,90
"es_transportation",28011,130372.64,610050.19,740422.83,18,82
"es_transportation",28012,15766.3,386104.99,401871.29,4,96
"es_transportation",28013,4474.15,114456.34,118930.49,4,96
"es_transportation",28014,22814.64,201313.14,224127.78,10,90
"es_transportation",28015,83885.27,576857.23,660742.5,13,87
"es_transportation",28016,194605.83,388995.51,583601.34,33,67
"es_transportation",28017,236845.83,836231.46,1073077.29,22,78
"es_transportation",28018,93450.46,698176.65,791627.11,12,88
"es_transportation",28019,98544.7,747379.44,845924.14,12,88
"es_transportation",28020,88693.26,819429.66,908122.92,10,90
"es_transportation",28021,183241.91,649263.39,832505.3,22,78
"es_transportation",28022,280461.2,694865.5,975326.7,29,71
"es_transportation",28023,274547.36,387044.32,661591.68,41,59
"es_transportation",28024,126578.31,447331.55,573909.86,22,78
"es_transportation",28025,97352.89,645054.43,742407.32,13,87
"es_transportation",28026,179062.31,510808.55,689870.86,26,74
"es_transportation",28027,323272.61,828979.94,1152252.55,28,72
"es_transportation",28028,96697.47,705585.81,802283.28,12,88
"es_transportation",28029,318879.01,833653.96,1152532.97,28,72
"es_transportation",28030,333942.98,993342.19,1327285.17,25,75
"es_transportation",28031,178609.66,632771.62,811381.28,22,78
"es_transportation",28032,302183.34,818804.73,1120988.07,27,73
"es_transportation",28033,334496.34,1053916.52,1388412.86,24,76
"es_transportation",28034,266973.55,826077.4,1093050.95,24,76
"es_transportation",28035,274447.67,1163048.5,1437496.17,19,81
"es_transportation",28036,134065.46,473232.64,607298.1,22,78
"es_transportation",28037,82311.12,451786.15,534097.27,15,85
"es_transportation",28038,129772.5,601296.8,731069.3,18,82
"es_transportation",28039,29377.13,854852.38,884229.51,3,97
"es_transportation",28040,2540.25,71794.12,74334.37,3,97
"es_transportation",28041,271242.43,668897.24,940139.67,29,71
"es_transportation",28042,393959.05,382522.86,776481.91,51,49
"es_transportation",28043,459362.42,927642.05,1387004.47,33,67
"es_transportation",28044,136122.45,603016.94,739139.39,18,82
"es_transportation",28045,298467.78,860969.68,1159437.46,26,74
"es_transportation",28046,31161.26,272749.68,303910.94,10,90
"es_transportation",28047,56541.96,687041.66,743583.62,8,92
"es_transportation",28048,28193.34,6441.25,34634.59,81,19
"es_transportation",28049,3664.75,121890.72,125555.47,3,97
"es_transportation",28050,270452.76,764563.78,1035016.54,26,74
"es_transportation",28051,115386.16,227185.52,342571.68,34,66
"es_transportation",28052,999.27,779.55,1778.82,56,44
"es_transportation",28053,74679.04,432725.45,507404.49,15,85
"es_transportation",28054,110359.53,257953.2,368312.73,30,70
"es_transportation",28055,0,11559.56,11559.56,0,100
"es_travel",28001,21282.36,31110.4,52392.76,41,59
"es_travel",28002,49020.22,90504.21,139524.43,35,65
"es_travel",28003,28700.16,29286.37,57986.53,49,51
"es_travel",28004,1577.63,16359.71,17937.34,9,91
"es_travel",28005,22378.73,25956.52,48335.25,46,54
"es_travel",28006,29327.24,71847.28,101174.52,29,71
"es_travel",28007,38255.18,53805.91,92061.09,42,58
"es_travel",28008,15172.95,505859.47,521032.42,3,97
"es_travel",28009,40816.57,26729.42,67545.99,60,40
"es_travel",28010,16510.43,29792.42,46302.85,36,64
"es_travel",28011,12678.68,9146.07,21824.75,58,42
"es_travel",28012,2863,4537.96,7400.96,39,61
"es_travel",28013,3772.49,0,3772.49,100,0
"es_travel",28014,3643.67,0,3643.67,100,0
"es_travel",28015,147513.42,11863.42,159376.84,93,7
"es_travel",28016,39747.62,34950.71,74698.33,53,47
"es_travel",28017,30961.08,32369.47,63330.55,49,51
"es_travel",28018,0,22405.6,22405.6,0,100
"es_travel",28019,624.57,14629.63,15254.2,4,96
"es_travel",28020,23821.72,40397.39,64219.11,37,63
"es_travel",28021,0,8734.93,8734.93,0,100
"es_travel",28022,39622.91,14725.44,54348.35,73,27
"es_travel",28023,2822,14018.97,16840.97,17,83
"es_travel",28024,6818.56,4489.48,11308.04,60,40
"es_travel",28025,16508.03,15147.05,31655.08,52,48
"es_travel",28026,19446.8,7703.81,27150.61,72,28
"es_travel",28027,47100.06,26749.15,73849.21,64,36
"es_travel",28028,25768.24,37652.32,63420.56,41,59
"es_travel",28029,33513.25,19435.52,52948.77,63,37
"es_travel",28030,45532.03,8170,53702.03,85,15
"es_travel",28031,14159.35,4207.45,18366.8,77,23
"es_travel",28032,21511.15,21987.52,43498.67,49,51
"es_travel",28033,4508.42,37802.87,42311.29,11,89
"es_travel",28034,9277.29,31914.53,41191.82,23,77
"es_travel",28035,0,67887.04,67887.04,0,100
"es_travel",28036,27870.68,20804.39,48675.07,57,43
"es_travel",28037,0,6495.91,6495.91,0,100
"es_travel",28038,9090.53,3069.67,12160.2,75,25
"es_travel",28039,17327.83,26588.92,43916.75,39,61
"es_travel",28040,0,3726,3726,0,100
"es_travel",28041,3701.78,16816.27,20518.05,18,82
"es_travel",28042,10770.22,4307.2,15077.42,71,29
"es_travel",28043,25856.21,54939.18,80795.39,32,68
"es_travel",28044,0,12515.95,12515.95,0,100
"es_travel",28045,28571.02,45852.36,74423.38,38,62
"es_travel",28046,0,12212.33,12212.33,0,100
"es_travel",28047,12288.69,13268.02,25556.71,48,52
"es_travel",28049,0,2643.7,2643.7,0,100
"es_travel",28050,6359.49,6520.71,12880.2,49,51
"es_travel",28053,0,6790.21,6790.21,0,100
"es_travel",28054,0,4807.84,4807.84,0,100
"es_wellnessandbeauty",28001,155770.6,170229.79,326000.39,48,52
"es_wellnessandbeauty",28002,261240.33,278110.27,539350.6,48,52
"es_wellnessandbeauty",28003,176994.71,238987.12,415981.83,43,57
"es_wellnessandbeauty",28004,136026.05,146722.52,282748.57,48,52
"es_wellnessandbeauty",28005,184964.38,266181.59,451145.97,41,59
"es_wellnessandbeauty",28006,219531.95,233169.4,452701.35,48,52
"es_wellnessandbeauty",28007,276842.72,282873.93,559716.65,49,51
"es_wellnessandbeauty",28008,109155.98,148458.87,257614.85,42,58
"es_wellnessandbeauty",28009,203495.92,185486.22,388982.14,52,48
"es_wellnessandbeauty",28010,154857.41,214269.76,369127.17,42,58
"es_wellnessandbeauty",28011,94498.05,129535.18,224033.23,42,58
"es_wellnessandbeauty",28012,38217.77,136304.26,174522.03,22,78
"es_wellnessandbeauty",28013,33310.86,39375.36,72686.22,46,54
"es_wellnessandbeauty",28014,22501.15,119566.59,142067.74,16,84
"es_wellnessandbeauty",28015,178246.08,200600.44,378846.52,47,53
"es_wellnessandbeauty",28016,172619.24,195321.58,367940.82,47,53
"es_wellnessandbeauty",28017,71644.83,265301.02,336945.85,21,79
"es_wellnessandbeauty",28018,53096.8,122140.77,175237.57,30,70
"es_wellnessandbeauty",28019,75191.42,162646.83,237838.25,32,68
"es_wellnessandbeauty",28020,196923.54,194323.85,391247.39,50,50
"es_wellnessandbeauty",28021,60319.86,90453.98,150773.84,40,60
"es_wellnessandbeauty",28022,117980.11,148527.48,266507.59,44,56
"es_wellnessandbeauty",28023,112022.89,128269.95,240292.84,47,53
"es_wellnessandbeauty",28024,65304.03,89524.61,154828.64,42,58
"es_wellnessandbeauty",28025,67831.34,120923.49,188754.83,36,64
"es_wellnessandbeauty",28026,76616.01,104915.67,181531.68,42,58
"es_wellnessandbeauty",28027,184159.37,237021.16,421180.53,44,56
"es_wellnessandbeauty",28028,168424.1,308132.97,476557.07,35,65
"es_wellnessandbeauty",28029,199781.9,169718.71,369500.61,54,46
"es_wellnessandbeauty",28030,145086.91,229785.63,374872.54,39,61
"es_wellnessandbeauty",28031,71088.56,126599.01,197687.57,36,64
"es_wellnessandbeauty",28032,106323.97,143065.13,249389.1,43,57
"es_wellnessandbeauty",28033,175417.53,306842.72,482260.25,36,64
"es_wellnessandbeauty",28034,139748.57,334048.22,473796.79,29,71
"es_wellnessandbeauty",28035,129125.56,352705.67,481831.23,27,73
"es_wellnessandbeauty",28036,104473.25,226138.15,330611.4,32,68
"es_wellnessandbeauty",28037,38013.67,111603.71,149617.38,25,75
"es_wellnessandbeauty",28038,45847.09,103573.72,149420.81,31,69
"es_wellnessandbeauty",28039,55605.28,259883.15,315488.43,18,82
"es_wellnessandbeauty",28040,695.44,54830.85,55526.29,1,99
"es_wellnessandbeauty",28041,77867.09,114545.32,192412.41,40,60
"es_wellnessandbeauty",28042,98771.19,142993.85,241765.04,41,59
"es_wellnessandbeauty",28043,228805.77,325740.18,554545.95,41,59
"es_wellnessandbeauty",28044,52732.44,99453.63,152186.07,35,65
"es_wellnessandbeauty",28045,231386.94,231839.38,463226.32,50,50
"es_wellnessandbeauty",28046,27349.13,96035.88,123385.01,22,78
"es_wellnessandbeauty",28047,51494.01,152294.39,203788.4,25,75
"es_wellnessandbeauty",28048,0,5863.98,5863.98,0,100
"es_wellnessandbeauty",28049,19107.95,56912.77,76020.72,25,75
"es_wellnessandbeauty",28050,100907.3,213660.85,314568.15,32,68
"es_wellnessandbeauty",28051,29155.33,47997.71,77153.04,38,62
"es_wellnessandbeauty",28053,18913.95,73072.3,91986.25,21,79
"es_wellnessandbeauty",28054,38454.75,26363.6,64818.35,59,41
"es_wellnessandbeauty",28055,0,1229.07,1229.07,0,100
